;23940359;23942300;23980353;24480695;24740606;24761005;24762653;24780757;24781909;24783358;24783450;24784259;24810155;24810202;24810359;24810600;24820206;24830050;24840407;24840600;24840950;24841206;24841250;24850058;24860109;24860754;24861054;24861407;24870055;24880208;24960307;25140058;25650156;25810354;25810558;25811255;25821259;25822251;25822659;25822808;25830056;25831059;25831605;25832357;25840253;25840650;25840708;25841507;25842500;25850257;25860454;25860851;25871756;25880305;41450056;41490050;41510205;41850054;41860900;41890059;41980355;42110304;42250256;42260250;42350057;42360550;42410104;42430156;42540358;42560300;42590301;42650050;42660451;42670557;42710050;42780500;42810204;42840453;42880458;42880800;42881100;42882806;42883558;42960105;44430055;44480552;44840308;44850108;44950055
1992;0.009044963;0.022546742;0.018879226;0.019916859;0.009916997;0.007583733;0.02046324;0.015857975;0.024841491;0.017723867;0.021097009;0.022924812;0.032303511;0.019448928;0.021634785;0.008772946;0.013074785;0.007216781;0.018026033;0.014552889;0.021588164;0.016196434;0.02000536;0.022947925;0.033102708;0.011735579;0.011165292;0.011253061;0.021707838;0.008027608;0.015271123;0.009912578;0.013592997;;0.022012126;0.006875425;0.011213789;0.007293722;0.002273076;0.016441227;0.017665011;0.022402163;0.017367542;0.00888952;0.007932751;0.00980206;0.010167921;0.014416835;0.011943273;0.01263241;0.018149699;0.018896631;0.015063495;0.012881545;0.020548366;0.016413865;0.00829692;0.019986502;0.025363964;0.017944642;0.012198138;0.025782559;0.012305919;0.015261661;0.01300441;0.006226876;0.007170159;0.009653831;0.008563092;0.0104752;0.021377138;0.009856485;;0.00639271;0.025893508;0.007912186;0.027369775;0.008416034;0.008404594;0.004990001;0.015774283;0.025264771;0.01516653;0.015771625;0.012176281;0.010698788;0.018571046;0.014615236;
1993;0.009514746;0.012785369;0.018198988;0.010280274;0.011407485;0.011287195;0.016249048;0.008115784;0.011609042;0.009414135;0.004640474;0.00716566;0.019146325;0.02031447;0.019677495;0.012329771;0.013831934;0.018532218;0.015639771;0.015542531;0.019665475;0.018213464;0.019612309;0.014864377;0.017610992;0.015632492;;0.015958772;0.013155346;0.019028749;0.011185029;0.011355048;0.018039327;;0.026362443;0.006765407;0.014974117;0.018322629;0.010849347;0.026385813;0.010902719;0.013972311;0.015815951;0.008733837;0.007719822;0.017861628;0.03035559;0.017919459;0.01551574;0.02470321;0.022546054;0.016459897;0.014337364;0.014456341;0.009419266;0.007952975;0.00927729;0.011842317;0.01176467;0.010198961;0.025569461;0.013092658;0.010711126;0.00578995;0.006415385;0.007582733;0.014420574;0.010611533;0.008092633;0.009662368;0.011499574;0.006130739;0.005788552;0.00376132;0.004949518;0.010863951;0.034513729;0.028417061;0.014236064;0.008749654;0.015906078;0.009026818;0.011863215;0.014990587;0.004013945;0.006629939;0.014367511;0.009915453;0.01175922
1994;0.009547911;0.008969349;0.015030775;0.010467601;0.007636117;0.014412641;0.017506053;0.008696173;0.014410917;0.01209018;0.007857049;0.008702294;0.01585356;0.013362048;0.024051094;0.008998339;0.008955166;0.012660916;0.017543336;0.018692179;0.012813361;0.013014309;0.015872531;0.016775094;0.025522544;0.014173669;0.010837009;0.013024387;0.018352597;0.014709543;0.012371819;0.012234522;0.008474561;;0.016945433;0.00558032;0.011970697;0.00840204;0.010756396;0.007165205;0.009189882;0.007999375;0.013757958;0.00991592;0.007072714;0.006586104;0.011286532;0.00232043;0.006761609;0.007129947;0.007520146;0.007318865;0.008849052;0.008757001;0.016824952;0.013975066;0.023688288;0.020158825;0.010160931;0.01165731;0.008814496;0.011014979;0.024839535;0.009815282;0.0132616;0.009921324;0.03533424;0.019322905;0.012354078;0.016036807;0.018071834;0.013311065;0.014248274;0.008891644;0.014091403;0.010915216;0.03480518;0.026932459;0.008948407;0.015931977;0.008046883;0.010213669;0.011150689;0.010014392;0.010715883;0.00672879;0.012637466;0.004693602;0.002155891
1995;0.006191186;0.009474634;0.014039578;0.008041572;0.003659642;0.007073972;0.002718798;0.009835178;0.01085186;0.007332622;0.007890719;0.007560651;0.01535796;0.010365096;0.017691896;0.008705308;0.010153447;0.013097268;0.00746022;0.003053349;0.019430469;0.017788284;0.008718327;0.01178201;0.030414255;0.014399217;0.006753208;0.009864995;0.015008924;0.008234491;0.006828553;0.012719415;0.012187115;0.012241001;0.017394308;0.006495177;0.013268528;0.006127284;0.005430503;0.011055045;0.006837999;0.009809594;0.02702947;0.016199718;0.008551374;0.006527188;0.008543566;0.007365216;0.00361296;0.009048723;0.01207193;0.010443094;0.003361959;0.006569774;0.011702687;0.014948311;0.008148792;0.009408558;0.008544546;0.005733061;0.02893986;0.00758997;0.020251916;0.007360229;0.006638992;0.015006056;0.046467349;0.018642418;0.006826058;0.007913297;0.037109712;0.007726963;0.015788873;0.009929245;0.007621987;0.011948018;0.024890869;0.01632983;0.010775883;0.010227945;0.00909888;0.009145534;0.010753799;0.014081686;0.007270402;0.011101552;0.014564604;0.01207102;0.006225173
1996;0.026889474;0.026137721;0.031011727;0.034786096;0.020251261;0.028875471;0.031269913;0.012521889;0.017185093;0.022810384;0.034156728;0.024495111;0.004347516;0.016876119;0.008067806;0.006281973;0.016159382;0.023359873;0.011161605;0.01422885;0.018960895;0.019022941;0.015341035;0.017795559;0.014711489;0.014822537;0.012709851;0.029065862;0.02559416;0.019907323;0.01352133;0.015180668;0.023495275;0.013149295;0.032227405;0.012699387;0.013806797;0.015467812;0.021350374;0.018895669;0.042259887;0.01611799;0.017282058;0.021181153;0.011769266;0.007963291;0.0135425;0.01471271;0.03209479;0.017068962;0.025717406;0.023281241;0.019292361;0.019033015;0.031058726;0.039021266;0.068431068;0.029356128;0.038872018;0.041402541;0.020682513;0.022935636;0.013058609;0.010490767;0.024549963;0.018493932;0.013886798;0.013388787;0.021454437;0.038477531;0.041165104;0.026443961;0.032113038;0.026168965;0.037881763;0.040399768;0.038569541;0.025188167;0.011439284;0.018241578;0.043078352;0.022562386;0.022010591;0.032011295;0.025684905;0.010846384;0.014237987;0.036623962;0.028650091
1997;0.022049507;0.014280271;0.009056463;0.008260364;0.014626407;0.01761868;0.011862056;0.008477368;0.011309943;0.010825258;0.01483876;0.011012471;0.015911384;0.022929619;0.016539601;0.011930818;0.012808949;0.015530823;0.024411989;0.018778472;0.019968267;0.016842564;0.017391518;0.016839299;0.016032064;0.014348235;0.020007347;0.016333367;0.015846014;0.011173361;0.010067024;0.016722333;0.01220395;0.022585633;0.030453167;0.010764988;0.023720396;0.010960343;0.010535657;0.01410226;0.015697856;0.013664409;0.027666734;0.013420038;0.013098888;0.017984701;0.013969618;0.018809948;0.008847338;0.009804587;0.011592085;0.012870174;0.01087273;0.013547882;0.019338234;0.012727377;0.006600821;0.017181087;0.018697548;0.012535108;0.019936125;0.017642929;0.008341478;0.013169015;0.012663224;0.017053386;0.010418671;0.010226244;0.005535913;0.009036535;0.009550104;0.019422189;0.009805687;0.011353841;0.009694177;0.012180724;0.028974633;0.027842648;0.017960769;0.002458764;0.021232163;0.002038932;0.008539684;0.017235777;0.015383007;0.009923223;0.013725968;0.010094908;0.005563464
1998;0.018297304;0.022992364;0.017230254;0.0304575;0.034036963;0.018556867;0.030167456;0.029112426;0.028151504;0.00889607;0.024155557;0.0196942;0.023797;0.034221699;0.017787277;0.016016026;0.027360458;0.028939563;0.018847175;0.016016279;0.01043026;0.010949559;0.02447918;0.034383213;0.013643536;0.021971042;0.025675422;0.039725602;0.038929967;0.012394086;0.015114947;0.021820149;0.031541365;0.014430083;0.020264104;0.013926702;0.017027576;0.014157429;0.010127197;0.014101382;0.017163988;0.019994392;0.019837429;0.028496569;0.018456977;0.017558137;0.018170661;0.022602689;0.02312621;0.038451004;0.024323716;0.027893338;0.022917092;0.026480436;0.019495194;0.02818554;0.034832241;0.024071617;0.032455079;0.02302621;0.028036092;0.030698359;0.016490361;0.009444025;0.016506336;0.025194784;0.026926557;0.02902644;0.021246102;0.01311625;0.017379596;0.014477248;0.024081421;0.024455344;0.032507042;0.022491751;0.014616771;0.015841253;0.023759883;0.021894402;0.02214395;0.016352744;0.024441759;0.017360518;0.020354518;0.015960537;0.01199602;0.009463533;0.030574207
1999;0.016103693;0.006458521;0.013561568;0.026435337;0.012607729;0.008665107;0.005500013;0.011833152;0.012341652;0.008618045;0.018115465;0.02218453;0.022346576;0.017345705;0.013596673;0.010859637;0.007901441;0.01283799;0.005283866;0.005623527;0.015336579;0.009817105;0.008922128;0.010966908;0.02274237;0.017873349;0.013865743;0.014679587;0.016283942;0.01279117;0.01082183;0.006815005;0.013612077;0.023934841;0.016894573;0.012236974;0.011992115;0.013570574;0.012419039;0.009979979;0.010831925;0.02190336;0.020824468;0.006712963;0.01687528;0.016244471;0.020973396;0.025551073;0.012841198;0.011114157;0.012245658;0.016676722;0.008768635;0.012937102;0.010428234;0.01089458;0.005614448;0.014083674;0.010117465;0.008901848;0.011869999;0.016525959;0.017958098;0.018001286;0.018952003;0.024989065;0.022659647;0.014540663;0.008138371;0.018243985;0.025312408;0.012274468;0.012582517;0.013370848;0.012871938;0.010973726;0.029210977;0.010366704;0.017759218;0.009178333;0.014070692;0.014900597;0.009094951;0.012478075;0.005619273;0.009489686;0.010236647;0.014304206;0.016719773
2000;0.01791766;0.019883287;0.035066794;0.013754188;0.018349046;0.013279437;0.018531887;0.008447314;0.011217778;0.024137566;0.014552322;0.019686255;0.020039122;0.015770596;0.022061779;0.015711707;0.019774837;0.015181748;0.015899273;0.021009862;0.015055157;0.015464823;0.020714388;0.012147903;0.024211619;0.01337387;0.013227573;0.013643534;0.010404371;0.028064507;0.017812149;0.026800224;0.02583951;0.014625668;0.012490879;0.009543432;0.015406806;0.007932919;0.014043279;0.023575736;0.010300113;0.010454896;0.019571495;0.012566138;0.009801299;0.016923517;0.025333693;0.012251284;0.015030059;0.012486042;0.021750646;0.019384755;0.013873316;0.02915654;0.010142644;0.010700954;0.001064664;0.006982279;0.01561495;0.014088028;0.003937506;0.012273046;0.01638503;0.023749019;0.008276627;0.014310309;0.021803951;0.007291892;0.015272501;0.037156136;0.032540849;0.009370898;0.011084883;0.011659295;0.007882467;0.008567806;0.023323666;0.004173869;0.018201143;0.012283962;0.021837063;0.0077345;0.009779538;0.006892762;0.013556042;0.012928845;0.011142598;0.011580958;0.013515704
2001;0.01443815;0.005099857;0.016572966;0.004719303;0.005926505;0.004200953;0.005800645;0.019713954;0.020562302;0.00479901;0.006699973;0.004275089;0.025132077;0.014256467;0.019253252;0.014843854;0.011768843;0.011222893;0.008415923;0.015582027;0.005662375;0.010761433;0.009830092;0.006818861;0.02411051;0.011878127;0.007698476;0.013591678;0.010676219;0.006508012;0.006856013;0.013916064;0.01198868;0.014976711;0.017064644;0.010506471;0.012731646;0.015638214;0.018911043;0.015245844;0.004941195;0.0117747;0.013180306;0.011353564;0.00920538;0.021612342;0.022410407;0.02330765;0.011605995;0.006723884;0.007975818;0.007122801;0.008035392;0.011241515;0.015178904;0.013763219;0.002335601;0.018715712;0.01871231;0.016401158;0.018959674;0.04140169;0.010085617;0.013079438;0.010427272;0.014409521;0.017160416;0.020803306;0.008773252;0.011805399;0.007082195;0.016994994;0.022124045;0.009901818;0.008401702;0.014781491;0.026409144;0.010161404;0.018555138;0.00865024;0.01521971;0.016695828;0.009546179;0.017327077;0.014835742;0.012088523;0.011103279;0.008529518;0.014423916
2002;0.012656127;0.01579837;0.017804395;0.023039248;0.023339269;0.016566804;0.010301956;0.016193169;0.017364;0.006675173;0.019882249;0.026042459;0.020471991;0.016475759;0.02010342;0.023221078;0.014868048;0.019423418;0.010256933;0.036011086;0.009159448;0.009293392;0.014449332;0.018729965;0.025496281;0.018171468;0.011997201;0.026975629;0.018607367;0.008277983;0.009403181;0.013054602;0.011433331;0.015841936;0.021318737;0.014812364;0.015096326;0.023101883;0.019660194;0.020381685;0.019154409;0.020341397;0.01029065;0.013861919;0.023306467;0.026274219;0.024636885;0.034442835;0.022044971;0.013263272;0.011787342;0.013305139;0.00894691;0.004991833;0.027430368;0.032384412;0.005992778;0.023464683;0.015624234;0.014308894;0.033182015;0.018478334;0.013282999;0.021377473;0.013892576;0.017180368;0.016955621;0.035964921;0.027929689;0.034227157;0.030702889;0.012063645;0.015414191;0.012178956;0.01723546;0.020819489;0.027440762;0.054872503;0.014313048;0.047297647;0.043147197;0.03633564;0.025254204;0.026772844;0.031136797;0.022467502;0.017747089;0.018389859;0.039703504
2003;0.012486171;0.009339033;0.011600118;0.008119027;0.004727966;0.007344831;0.007595591;0.009164749;0.011975166;0.009350556;0.009448724;0.008811175;0.019882148;0.00693256;0.019037554;0.011066724;0.012201297;0.009429983;0.011289706;0.013495578;0.005280806;0.010983371;0.007518453;0.008811433;0.019888961;0.016652633;0.012967581;0.01216146;0.004316005;0.007249615;0.005437942;0.005057597;0.008207059;0.01349267;0.029681235;0.015446653;0.015371661;0.009282842;0.016533772;;0.015108039;0.005916067;0.01643973;0.020581548;0.025978493;0.015249449;0.032831157;0.007603525;0.02086808;0.010047609;0.011319905;0.012694782;0.010981335;0.006827195;0.014354356;0.013286727;0.023985414;0.008327102;0.008104794;0.00858165;0.007981986;0.019454572;0.014849275;0.012011987;0.013595214;0.019795456;0.021439294;0.020825697;0.010012434;0.014564886;0.011786291;0.009356074;0.01457319;0.007880194;0.011843948;0.009972373;0.030005545;0.016570674;0.015723275;0.014329074;0.007224314;0.014685076;0.014937295;0.01384865;0.015030691;0.014203883;0.008787987;0.008244409;0.013815768
2004;0.02492051;0.020663267;0.015323907;0.020433783;0.011542654;0.021322174;0.02519585;0.011497271;0.01178069;0.014387744;0.017743264;0.016312756;0.007526631;0.012333344;0.012285813;0.028845638;0.016962299;0.019402497;0.011309644;0.0091396;0.007640857;0.008600166;0.012776711;0.016262759;0.013659151;;0.022487446;0.016782056;0.014767932;0.01210969;0.014841395;0.017807748;0.01614443;0.020537747;0.022665064;0.017182265;0.010708482;0.010992525;0.015379676;;0.015304114;0.016486542;0.015122679;0.011971947;0.009402482;0.018383728;0.010619487;0.009714433;0.010785368;0.007759059;0.023764078;0.018939687;0.036301628;0.017780132;0.010079516;0.013988576;0.027574518;0.009601305;0.020694119;0.012846571;0.007589644;0.009204317;0.016037791;0.02026767;0.014092307;0.014150461;0.017878094;0.010368877;0.018126048;0.017519732;0.019023641;0.012907045;0.010745164;0.011661467;0.023203524;0.009714197;0.018668638;0.016972644;0.015733283;0.015523327;0.016352107;0.013535871;0.011533913;0.00898936;0.023888046;0.023694368;;0.009766989;0.017136963
2005;0.011808735;0.011573411;0.013552222;0.026808773;0.009099483;0.013764832;0.015860286;0.021395815;0.023194168;0.008689972;0.019617537;0.016249442;0.041189562;0.03648766;0.036070943;0.016744717;0.01980489;0.015793281;0.014711936;0.013556789;0.018981362;0.018291384;0.012803941;0.01304444;0.042729051;;0.023941951;0.021783684;0.017757632;0.019106484;0.016412833;0.012073431;0.01543953;0.013458502;0.024196269;0.011996647;0.022234883;0.016791393;0.012500916;0.021027498;0.021517618;0.028698817;0.022642289;0.012669137;0.026949381;0.021510072;0.034337353;0.020519709;0.021644299;0.011992642;0.027551199;0.02011504;0.01235477;0.018111095;0.010369101;0.011899382;;0.014460022;0.01128685;0.011463561;0.020255481;0.015028657;0.013057967;0.013853656;0.016260561;0.020896573;0.034862832;0.017025085;0.014255581;0.012190863;0.006720162;0.01491776;0.012826237;0.016009472;0.015950228;0.016309351;0.023438433;0.032011204;0.012030788;0.013594253;0.017841519;0.011363827;0.009741134;0.010893125;0.00767482;0.009962533;0.010498745;0.01075316;0.013851996
2006;0.010325268;0.017716236;0.013415051;0.027253124;0.017342369;0.009514621;0.011863507;0.006228916;0.010126357;0.013650199;0.00747137;0.010471479;0.013090579;0.009270067;0.009383105;0.010095549;0.008268026;0.016828808;0.007429302;0.009758698;0.012805815;0.014858002;0.016987496;0.012562778;0.012522592;0.010671135;0.009651116;0.018441875;0.010519842;0.015374914;0.010321578;0.008461245;0.007255485;0.009268565;0.030582274;0.006569758;0.008743399;0.008925876;0.008967259;;0.015034183;0.010086815;0.00699082;0.016213854;0.008126165;0.009277777;0.009079912;0.014300858;0.010081955;0.008703897;0.01611068;0.01155957;0.010102987;0.009361554;0.026330939;0.022174903;0.024554753;0.023687433;0.016187691;0.022787023;0.021334942;0.013600109;0.00894239;0.007152676;0.009017754;0.012580945;;0.01329802;0.023723741;0.016440998;0.039929312;0.019317402;0.014499216;0.008985576;0.011838145;0.023183582;0.041564659;0.024358803;0.01023094;0.018172721;0.010116986;0.011950189;0.015621834;0.018657877;0.010582077;0.023569052;0.007488614;0.020290763;0.026240591
2007;0.002884468;0.006737026;0.014444829;0.011023676;0.007720384;0.012562329;0.009009973;0.014626999;0.004323372;0.004660057;0.008319701;0.01104042;0.020030166;0.018235027;0.007646566;0.008406499;0.011222576;0.017223531;0.020595362;0.016209786;0.011874154;0.00965021;0.013648547;0.012588411;0.035595506;0.015611068;0.007719375;0.019379789;0.014377378;0.012252466;0.012410029;0.007047155;0.010565229;0.01620758;0.02300855;0.018768061;0.032569446;0.01474403;0.01104411;;0.030811866;0.021089519;0.019594551;0.014272742;0.01764652;0.019774813;0.01978892;0.02652085;0.011290706;0.019713497;0.018450833;0.017139456;0.011921907;0.009785353;0.009788111;0.007757051;0.005807539;0.025922762;0.008818942;0.022761841;0.022565001;0.012383035;0.011715139;0.009372155;0.009747872;0.00831978;;0.017529519;0.017511527;0.010020217;0.015515214;0.008983049;0.012050049;0.007167469;0.009614447;0.020261323;0.026401596;0.034038033;0.026079818;0.025137495;0.032634352;0.021929895;0.013124983;0.022259604;0.009693243;0.008772267;0.011632806;0.014795287;0.011239066
2008;0.007107271;0.002880086;0.010256877;0.021111877;0.006666261;0.00377039;0.007520653;0.010178913;0.019552849;0.011154068;0.019461721;0.02116362;0.027261855;0.021758426;0.020653639;0.021456154;0.027180391;0.015376328;0.011620669;0.011541979;0.011291733;0.010941851;0.017006344;0.015054136;0.025235903;0.01634835;0.012747163;0.018951788;0.017321554;0.02154533;0.009696823;0.007737227;0.008871407;0.016258325;0.013966505;0.013017794;0.020500745;0.01259337;0.013735384;0.01544781;0.016529082;0.00961303;0.01638933;0.020010692;0.02175529;0.023816346;0.026404837;0.014268303;0.021275195;0.018648039;0.022456443;0.023764828;0.015544865;0.010978152;0.013866247;0.012186572;0.013544069;0.016197773;0.016871644;0.019225298;0.010739258;0.013329546;0.021729901;0.0201171;0.018229695;0.008843778;0.006403342;0.014734149;0.013928076;0.012586705;0.021860057;0.019469809;0.0121639;0.011122616;0.014675896;0.022300518;0.018325979;0.033446857;0.011151984;0.007738348;0.022155159;0.012508477;0.014733274;0.017562186;0.010413538;0.011802541;0.013750489;0.011830031;0.025767003
2009;0.008006709;0.008775838;0.011702252;0.008461559;0.018472623;0.007951076;0.01645602;0.008505443;0.006678471;0.004522868;0.006302243;0.010437051;0.018259613;0.008238516;0.014434654;0.012166955;0.008427339;0.007420114;0.009137016;0.012472533;0.00930035;0.011016772;0.010662876;0.007622106;0.039998307;0.01207686;0.003840663;0.01194443;0.007830939;0.01309411;0.006605439;0.009934705;0.004835599;0.013795439;0.022140772;0.027284108;0.00748358;0.029395721;0.02159408;0.020025625;0.010998782;0.015631151;0.010629005;0.012581309;0.009550558;0.021871053;0.018182225;0.016434561;0.014092654;0.007045129;0.004176491;0.005784436;0.009071754;0.009407079;0.013338995;0.009804839;0.011916615;0.004279424;0.013480908;0.005541789;0.011375694;0.020650903;0.006811303;0.011766797;0.007606085;0.006202168;0.012091994;0.009562297;0.005885869;0.017898768;0.017572557;0.002844427;0.009246962;0.003869986;0.004998218;0.004403212;0.034941621;0.023429521;0.009677831;0.008800792;0.013620146;0.013591547;0.008429244;0.006419558;0.013695163;0.0095244;0.005651423;0.00685923;0.009301695
2010;0.020114284;0.021093247;0.022235311;0.011673266;0.009055713;0.018445488;0.025157226;0.016618187;0.018365387;0.01015363;0.022547789;0.013493076;0.018964898;0.030314946;0.042501692;0.031193879;0.023686058;0.012003106;0.016835328;0.011532492;0.018040046;0.019208446;0.010152312;0.008034534;0.025684554;0.023621711;0.031560129;0.012853966;0.007878128;0.013773754;0.007289664;0.008507929;0.019221362;0.020422894;0.019627446;0.013417038;0.02184886;0.020808188;0.016904218;0.021516753;0.015478665;0.015943803;0.011532482;0.014013759;0.015159461;0.017542961;0.016497208;0.016611615;0.014721115;0.019849206;0.012484286;0.027799302;0.021209499;0.014185468;0.016864339;0.015442459;0.018044945;0.019829225;0.010926698;0.010558156;0.015120468;0.018810513;0.024786928;0.026355217;0.020455829;0.017156463;0.031213299;0.024465365;0.010792664;;0.011969447;0.013347584;0.019569646;0.021573437;0.022458752;0.017519846;0.01961177;0.022832201;0.028078138;0.00912979;0.016820614;0.00947595;0.017080868;0.014084982;0.019780306;0.016971345;0.013346866;0.017758643;0.018646115
2011;0.006263323;0.003605335;0.015067451;0.007737722;0.00558854;0.006819344;0.005101746;0.011634039;0.012413081;0.006673442;0.007835201;0.007349883;0.009899386;0.010870785;0.010868871;0.007732221;0.010347908;0.004494533;0.009718134;0.014719656;0.008655006;0.00801232;0.011779307;0.009302237;0.011681961;0.012198287;0.01109771;0.00563151;0.011486277;0.008828463;0.007104559;0.006628391;0.006179305;0.008215012;0.01021195;0.008628365;0.007021562;0.005280903;;0.006684435;0.014691447;0.008612979;0.005980213;0.009283743;0.010127587;0.009151514;0.009016405;0.008286058;0.00655863;0.008340747;0.009299363;0.007334426;0.008009353;0.007089593;0.010101226;0.008207179;;0.007164399;0.005566651;0.005971383;0.009352906;0.011233475;0.011026898;0.008137761;0.007685042;0.007772903;0.012889926;0.008504694;0.005816846;0.006206844;0.007917401;0.007780416;0.009376956;0.006560282;0.008211855;0.006412081;0.011948692;0.010192098;0.008639661;0.00936604;0.00672499;0.004475677;0.007386657;0.00734541;0.006916737;0.007368056;0.010465683;0.005678306;0.00731229
2012;0.012134012;0.017137343;0.019887897;0.006618366;0.009189836;0.011884867;0.013871133;0.011785077;0.008318592;0.007832716;0.017281405;0.020082996;0.015900949;0.020063882;0.014010281;0.007651217;0.014846638;0.014153085;0.016098538;0.022946836;;0.007715288;0.01327289;0.013662244;0.021629026;0.019712947;0.011323399;0.013756665;0.012656504;0.010949143;0.010075882;;0.01623482;0.011189683;0.015050171;0.009016491;0.013718233;0.012902176;0.015625803;0.014848872;0.009303732;0.006353968;0.011840297;0.008874501;0.005480824;0.007807907;0.016399573;0.009098534;0.003235486;;0.006767085;0.008159965;0.011555275;0.012394366;0.00881053;0.007397274;;0.012699083;0.008803363;0.010134016;0.007792489;0.009685968;0.016182979;0.007368905;0.010076362;0.011832444;0.027536537;0.020480505;0.014147688;0.009004596;0.01515837;0.011313627;0.013838551;0.008339211;0.015911837;0.011368901;0.036225981;0.012460316;0.013927658;0.0083094;0.005981287;0.015890922;0.01984354;0.007234094;0.010690643;0.005890998;0.011169593;0.014022543;0.003960731
2013;0.014523916;0.015422426;0.016544043;0.012744082;0.016704198;0.009994893;0.01038606;0.008659014;0.010317992;0.019241936;0.014511611;0.021116292;0.011500006;0.013271022;0.011905169;0.017912323;0.021678692;0.020401563;0.009200283;0.017892283;0.018402725;0.018829842;0.02074257;0.018747974;0.011277148;0.021494694;0.021695235;0.050030908;0.02610167;0.018728028;0.01460256;;0.018550819;0.023095894;0.030197627;0.013209689;0.022260048;0.009936507;0.018633452;0.016721677;0.023086298;0.024709405;0.008776752;0.014345265;0.012349585;0.010211837;0.015222286;0.020885301;0.016573611;0.015852256;0.019390375;0.020191234;0.013482172;0.018908615;0.017159495;0.016348848;0.01700682;0.016160829;0.015138476;0.01550499;0.015715224;0.015223282;0.006621345;0.022159928;0.017225509;0.008805353;0.008349114;0.01142439;0.014395225;0.013986299;0.013984876;0.017872494;0.018050637;0.010268245;0.012953502;0.014237996;0.027338987;0.026797198;0.014145211;0.01491538;0.029358491;0.024781993;0.013148265;0.017810463;0.015320012;0.018091708;0.013904611;0.020880555;0.019541915
2014;0.043328266;0.026098542;0.02579349;0.018407095;0.020317523;0.01425999;0.024371346;0.02453994;0.02051806;0.013251797;0.022584861;0.029324515;0.013892966;0.012460014;0.014004426;0.012818752;0.016888255;0.024100086;0.010267005;0.017132451;0.010591373;0.009285863;0.015230487;0.03595962;0.017458654;0.011705721;0.021053694;0.027792707;0.041380528;0.007907993;0.009028861;;0.010139393;0.021025157;0.02317189;;0.020492106;0.01212446;0.022049728;0.017766075;0.01977964;0.012520559;0.024669511;0.019299825;0.013807322;0.015546649;0.020000086;0.014794425;0.013310532;0.023371554;0.009557422;0.010061663;0.009842178;;0.032645966;0.026554775;0.028934736;0.023701549;0.022002308;0.025411011;0.01922985;0.027956178;0.029321038;0.017850537;0.019935101;0.016506045;0.03876885;0.012550127;0.020627249;0.037864377;0.020375474;0.017484594;0.026111181;0.026880666;0.022591349;0.028787807;0.024037958;0.029425727;0.028056789;0.029464414;0.039818382;0.029466414;0.030078304;0.026488883;0.011916044;0.027287044;0.018094122;0.021750874;0.030766229
2015;0.010177777;0.009701611;0.008940525;0.008239615;0.008459584;0.008586548;0.010789885;0.00790331;0.00853662;0.009992134;0.015833756;0.011149123;0.009959986;0.010451592;0.009410982;0.010651766;0.010633098;0.015252087;0.012163466;0.015676183;0.021489744;0.020945385;0.018535358;0.02176697;0.009429483;;0.009865992;0.021991413;0.028066823;0.012744771;0.006742988;;0.008649945;0.010717577;0.00868069;;0.011189366;0.017795186;0.018139715;0.014369057;0.010963987;0.012261509;0.014343644;0.017424998;0.010033807;0.010359561;0.010813358;0.017907859;0.010376093;0.013575108;0.020000833;0.01498239;0.0197545;;0.021816881;0.015549116;;0.014945013;0.014929121;0.010483406;0.015795355;0.011956426;0.014768048;0.012037479;0.011793971;0.008298784;0.013315646;0.011798387;0.006533831;0.011291742;0.010717737;0.009482409;0.017624546;0.011008655;0.011511483;0.012817587;0.009580624;0.014423191;0.013997928;0.016803139;0.009227806;0.015417882;0.014722253;0.024864881;0.005417665;0.004415201;0.010631163;0.007473477;0.013614724
2016;0.016482888;0.021020514;0.011203372;0.007443489;0.007012532;0.007222597;0.005501687;0.006336278;0.010932633;0.007018821;0.011516617;0.008638804;0.019402992;0.008656316;0.013579842;0.007312913;0.008442172;0.013352527;0.007286668;0.010090017;0.006672605;0.006622273;0.00947772;0.010172841;0.018303021;0.014692694;0.010850302;0.012946127;0.012042003;0.007275392;0.013836162;;;0.011224528;0.014387282;;0.009197033;0.00555106;0.003183332;0.008458011;0.00996474;0.00734665;;0.007617519;0.007740708;0.012293459;0.012550624;0.011761187;0.010134726;0.007302853;0.00798879;0.007830174;0.013261187;0.008595161;0.009730279;0.00749633;;0.007138242;0.007398842;0.007239302;0.011557685;0.01509626;0.00846146;0.007111131;0.008052309;0.00824248;0.012262874;0.010592478;0.007621429;;0.006256296;0.006756242;0.004250691;0.005741176;0.008723613;0.006109801;0.017110176;0.01533523;0.007356976;0.004369545;0.003185046;0.00628583;;0.007041948;0.012969042;0.009705954;0.014512974;0.017180387;0.014486439
2017;0.022609877;0.02542637;0.034101306;;0.014516303;0.019281693;0.01446312;0.019773882;0.030161368;0.015737499;;0.021411929;0.032712056;0.038287903;0.031416881;0.023364716;0.030404496;0.021035368;0.022558823;0.022714615;0.032655768;0.024825394;0.027179112;0.023864203;0.031634048;0.032777342;0.03707372;0.029386336;0.024863546;;0.014857401;;;0.025658966;0.032671675;;0.01612054;0.016983739;0.018702263;0.026829308;0.033631803;0.023025811;0.031064871;0.015116716;;0.027075672;0.032015904;0.020627865;0.029533272;0.015281299;0.014624436;0.015031859;0.020800326;0.014512562;;0.027447753;;0.019432526;;0.027869919;0.042413551;0.011560012;;0.026144212;0.020412944;;;0.024603829;0.019698209;;0.028491191;;;;0.018933627;0.032701323;0.028032707;0.019050928;0.01727855;0.018363733;0.018076917;0.019612146;;0.031536009;0.015502359;0.029729921;0.012687297;0.028146227;0.035017722
2018;0.00604129;0.01328037;0.014338653;0.02934711;0.005705618;0.008052802;;0.00608962;0.008231365;0.008808544;0.00738391;0.010953937;0.01277357;0.011480543;0.012642548;0.009154634;0.010771915;0.015122877;0.007218114;0.015578535;0.008229999;0.008178345;0.013057921;0.013566273;0.023719244;0.008239788;0.007876508;0.030388414;0.018372364;0.008840082;;0.011324396;;0.00995126;;;0.012498171;0.005776448;0.007667539;0.011936712;0.008917308;0.008823161;0.009228264;0.009692516;;0.010809679;;0.00534837;0.01202202;;0.0063305;0.007262241;0.007249696;0.01198685;0.008441273;0.007601305;;0.007003362;0.005906726;0.00568018;0.009408276;0.0134608;0.006731641;;0.006191997;;0.011293143;0.014238572;0.011852041;0.005501037;;;0.008482722;;0.007397634;0.008386511;0.008014981;0.005190486;0.011139494;0.011880088;0.013790774;0.006554614;0.006278893;0.011652146;0.009708595;0.005151533;0.006536362;0.005404278;0.009602242
